question_id,question_accuracy,mean_response_length,max_chunk,total_rows,has_chunk_2,has_chunk_3
1,0.7878787878787878,937.2121212121212,4,66,True,True
10,0.5833333333333334,794.375,4,48,True,True
1000,0.25,1026.0,4,80,True,True
1008,0.10256410256410256,1022.9230769230769,4,78,True,True
101,0.21052631578947367,1000.1052631578947,4,76,True,True
1010,0.125,1026.0,4,80,True,True
1011,0.4642857142857143,827.0,4,56,True,True
1018,0.21875,912.90625,4,64,True,True
102,0.125,1026.0,4,80,True,True
1020,0.4,803.68,4,50,True,True
1021,0.47368421052631576,991.6578947368421,4,76,True,True
1022,0.5161290322580645,926.0967741935484,4,62,True,True
1023,0.23076923076923078,875.6923076923077,4,52,True,True
1024,0.125,1026.0,4,80,True,True
1025,0.42857142857142855,957.6571428571428,4,70,True,True
1027,0.53125,895.875,4,64,True,True
1028,0.10256410256410256,1006.5128205128206,4,78,True,True
1029,0.47368421052631576,997.5,4,76,True,True
1030,0.375,1026.0,4,80,True,True
1031,0.696969696969697,941.7878787878788,4,66,True,True
1033,0.8275862068965517,799.3793103448276,4,58,True,True
1035,0.4642857142857143,803.1785714285714,4,56,True,True
1037,0.23076923076923078,1022.6923076923077,4,78,True,True
1038,0.2647058823529412,945.7941176470588,4,68,True,True
1039,0.125,1026.0,4,80,True,True
104,0.24242424242424243,928.1818181818181,4,66,True,True
1040,0.23076923076923078,1008.7692307692307,4,78,True,True
1041,0.47368421052631576,987.2631578947369,4,76,True,True
1042,0.6428571428571429,848.2142857142857,4,56,True,True
1043,0.125,1026.0,4,80,True,True
1044,0.8,744.56,4,50,True,True
1045,0.4117647058823529,943.3235294117648,4,68,True,True
1046,0.875,319.125,1,32,False,False
1048,0.6,773.6,4,50,True,True
1049,0.375,921.125,4,64,True,True
105,0.5833333333333334,714.125,4,48,True,True
1050,0.2647058823529412,944.0,4,68,True,True
1055,0.125,1026.0,4,80,True,True
1056,0.6153846153846154,748.6538461538462,4,52,True,True
1057,0.3103448275862069,868.6206896551724,4,58,True,True
1058,0.6153846153846154,794.8461538461538,4,52,True,True
1059,0.5652173913043478,745.5652173913044,4,46,True,True
106,0.6052631578947368,987.6842105263158,4,76,True,True
1064,0.375,749.3333333333334,4,48,True,True
1066,0.6551724137931034,854.551724137931,4,58,True,True
1067,0.75,1026.0,4,80,True,True
1068,0.125,1026.0,4,80,True,True
1069,0.25,1026.0,4,80,True,True
1076,0.7368421052631579,997.2894736842105,4,76,True,True
1077,0.4,770.72,4,50,True,True
1078,0.5652173913043478,694.7826086956521,4,46,True,True
1079,0.6153846153846154,755.8076923076923,4,52,True,True
108,0.125,1026.0,4,80,True,True
1080,0.7857142857142857,334.35714285714283,2,28,True,False
109,0.6296296296296297,851.5555555555555,4,54,True,True
1090,0.23076923076923078,1019.4358974358975,4,78,True,True
1093,0.3055555555555556,967.5,4,72,True,True
1094,0.8529411764705882,943.0588235294117,4,68,True,True
1095,0.875,605.375,2,48,True,False
1096,0.25,1025.875,4,80,True,True
1097,0.125,1026.0,4,80,True,True
1098,0.25,1026.0,4,80,True,True
1099,0.25,1026.0,4,80,True,True
11,0.11764705882352941,947.3529411764706,4,68,True,True
110,0.1891891891891892,985.5405405405405,4,74,True,True
1106,0.7058823529411765,522.8823529411765,4,34,True,True
1108,0.23809523809523808,680.6666666666666,4,42,True,True
1117,0.9,266.9,1,20,False,False
1120,0.8,769.44,4,50,True,True
1122,0.6875,935.875,4,64,True,True
1123,0.6296296296296297,789.2962962962963,4,54,True,True
1124,0.16666666666666666,922.2,4,60,True,True
1125,0.47368421052631576,999.0,4,76,True,True
1126,0.7058823529411765,970.3529411764706,4,68,True,True
1127,0.7142857142857143,961.8571428571429,4,70,True,True
1128,0.7058823529411765,935.9705882352941,4,68,True,True
1129,0.8611111111111112,963.7222222222222,4,72,True,True
113,0.8076923076923077,754.3846153846154,4,52,True,True
1136,0.6666666666666666,190.11111111111111,1,18,False,False
1137,0.8333333333333334,238.33333333333334,1,24,False,False
1138,0.8888888888888888,198.66666666666666,1,18,False,False
1139,0.6666666666666666,210.55555555555554,1,18,False,False
114,0.6774193548387096,868.4193548387096,4,62,True,True
1140,0.375,848.125,4,48,True,True
1149,0.5,640.25,4,32,True,True
115,0.6666666666666666,866.3333333333334,4,60,True,True
1151,0.21052631578947367,995.0526315789474,4,76,True,True
1153,0.375,1026.0,4,80,True,True
1154,0.25,1026.0,4,80,True,True
1155,0.125,1026.0,4,80,True,True
1157,0.4642857142857143,829.0357142857143,4,56,True,True
1158,0.631578947368421,669.3157894736842,4,38,True,True
1159,0.6956521739130435,698.8260869565217,4,46,True,True
116,0.3103448275862069,845.3793103448276,4,58,True,True
1160,0.5454545454545454,637.5454545454545,4,44,True,True
1166,0.6153846153846154,1004.7692307692307,4,78,True,True
1167,0.25,1026.0,4,80,True,True
1168,0.30303030303030304,939.8787878787879,4,66,True,True
1169,0.1891891891891892,995.2702702702703,4,74,True,True
117,0.27586206896551724,838.5862068965517,4,58,True,True
1170,0.5833333333333334,715.9166666666666,4,48,True,True
1171,0.125,1026.0,4,80,True,True
1175,0.08108108108108109,970.8378378378378,4,74,True,True
1177,0.6153846153846154,515.7692307692307,4,26,True,True
118,0.3939393939393939,912.6363636363636,4,66,True,True
1181,0.7619047619047619,609.3809523809524,4,42,True,True
1182,0.375,902.40625,4,64,True,True
1183,0.4117647058823529,957.4705882352941,4,68,True,True
1185,0.14285714285714285,954.0285714285715,4,70,True,True
1186,0.125,1026.0,4,80,True,True
1187,0.125,1026.0,4,80,True,True
1188,0.05405405405405406,994.7027027027027,4,74,True,True
1190,0.32432432432432434,990.2702702702703,4,74,True,True
1192,0.5833333333333334,972.6111111111111,4,72,True,True
1193,0.4444444444444444,954.75,4,72,True,True
1194,0.5945945945945946,985.4054054054054,4,74,True,True
1195,0.75,1026.0,4,80,True,True
1196,0.23076923076923078,1006.0,4,78,True,True
1197,0.25,1026.0,4,80,True,True
1198,0.125,1026.0,4,80,True,True
1199,0.125,1026.0,4,80,True,True
12,0.21875,899.0625,4,64,True,True
1200,0.25,1026.0,4,80,True,True
1202,0.8076923076923077,735.0384615384615,4,52,True,True
1203,0.8484848484848485,903.8484848484849,4,66,True,True
1208,0.875,358.625,1,32,False,False
1209,0.7368421052631579,526.9473684210526,4,38,True,True
1212,0.7368421052631579,569.3684210526316,4,38,True,True
1216,0.6774193548387096,888.3548387096774,4,62,True,True
1217,0.2857142857142857,964.2,4,70,True,True
1218,0.5,1026.0,4,80,True,True
1219,0.25,1025.875,4,80,True,True
122,0.1891891891891892,985.5675675675676,4,74,True,True
1220,0.2903225806451613,916.3870967741935,4,62,True,True
1223,0.8148148148148148,805.074074074074,4,54,True,True
1224,0.5238095238095238,740.8095238095239,4,42,True,True
1227,0.6,239.3,2,20,True,False
1228,0.5,122.75,0,16,False,False
1229,0.375,112.125,0,16,False,False
123,0.22727272727272727,673.8181818181819,4,44,True,True
1231,0.7368421052631579,992.3684210526316,4,76,True,True
1232,0.5945945945945946,989.2972972972973,4,74,True,True
1233,0.8529411764705882,932.3235294117648,4,68,True,True
1234,0.17857142857142858,822.7142857142857,4,56,True,True
1238,0.75,547.8,4,40,True,True
124,0.05405405405405406,984.8108108108108,4,74,True,True
1240,0.6875,546.125,4,32,True,True
1241,0.10256410256410256,1015.7179487179487,4,78,True,True
1242,0.375,1025.875,4,80,True,True
1243,0.5,1026.0,4,80,True,True
1244,0.125,1026.0,4,80,True,True
1245,0.5,1025.875,4,80,True,True
125,0.4827586206896552,832.4137931034483,4,58,True,True
1251,0.8214285714285714,834.2857142857143,4,56,True,True
1252,0.375,934.375,4,64,True,True
1253,0.4594594594594595,991.1351351351351,4,74,True,True
1254,0.5945945945945946,989.4594594594595,4,74,True,True
1255,0.7916666666666666,731.75,4,48,True,True
1259,0.6,502.73333333333335,4,30,True,True
126,0.42105263157894735,468.5263157894737,3,38,True,True
1265,0.8421052631578947,530.3157894736842,4,38,True,True
1266,0.6551724137931034,874.9655172413793,4,58,True,True
1267,0.625,1026.0,4,80,True,True
1268,0.358974358974359,1024.5641025641025,4,78,True,True
1269,0.32432432432432434,966.8918918918919,4,74,True,True
127,0.9230769230769231,455.7692307692308,3,26,True,True
1270,0.625,1026.0,4,80,True,True
1273,0.7619047619047619,787.5238095238095,4,42,True,True
1274,0.75,758.45,4,40,True,True
1275,0.25,1026.0,4,80,True,True
1276,0.7142857142857143,971.1428571428571,4,70,True,True
1277,0.2631578947368421,986.0526315789474,4,76,True,True
1279,0.5714285714285714,958.1714285714286,4,70,True,True
128,0.18181818181818182,791.7727272727273,4,44,True,True
1280,0.16666666666666666,869.4666666666667,4,60,True,True
1281,0.75,322.0,1,32,False,False
1282,0.7222222222222222,508.44444444444446,4,36,True,True
1284,0.5714285714285714,955.8,4,70,True,True
1294,0.125,1026.0,4,80,True,True
1295,0.25,1026.0,4,80,True,True
1296,0.4444444444444444,794.9629629629629,4,54,True,True
1297,0.8,770.4,4,50,True,True
1298,0.358974358974359,1024.5641025641025,4,78,True,True
1299,0.32432432432432434,975.2432432432432,4,74,True,True
13,0.6666666666666666,902.8333333333334,4,60,True,True
130,0.25925925925925924,841.4074074074074,4,54,True,True
1301,0.4594594594594595,996.2702702702703,4,74,True,True
1302,0.696969696969697,903.1212121212121,4,66,True,True
1303,0.125,1026.625,4,80,True,True
1304,0.32432432432432434,986.8648648648649,4,74,True,True
1305,0.14285714285714285,963.8857142857142,4,70,True,True
1312,0.6153846153846154,791.2307692307693,4,52,True,True
1313,0.8387096774193549,893.5806451612904,4,62,True,True
1314,0.7368421052631579,535.6842105263158,4,38,True,True
1319,0.6875,626.125,4,32,True,True
1321,0.6,337.93333333333334,1,30,False,False
1322,0.6923076923076923,306.2307692307692,1,26,False,False
1324,0.10526315789473684,542.421052631579,4,38,True,True
1325,0.8461538461538461,273.3076923076923,1,26,False,False
1329,0.125,1026.0,4,80,True,True
1330,0.625,1026.0,4,80,True,True
1334,0.875,124.625,0,16,False,False
1336,0.7916666666666666,661.5416666666666,4,48,True,True
1337,0.782608695652174,635.2608695652174,4,46,True,True
1338,0.47368421052631576,1003.578947368421,4,76,True,True
134,0.6551724137931034,846.9310344827586,4,58,True,True
1341,0.4827586206896552,813.6551724137931,4,58,True,True
1342,0.375,912.15625,4,64,True,True
1343,0.32432432432432434,980.0,4,74,True,True
1344,0.34210526315789475,1002.3947368421053,4,76,True,True
1345,0.6896551724137931,837.9310344827586,4,58,True,True
1346,0.125,1026.0,4,80,True,True
1347,0.05405405405405406,986.4324324324324,4,74,True,True
135,0.3888888888888889,717.0,4,36,True,True
1351,0.3548387096774194,868.0967741935484,4,62,True,True
1352,0.375,842.0833333333334,4,48,True,True
1354,0.375,821.4583333333334,4,48,True,True
1355,0.7058823529411765,579.7058823529412,4,34,True,True
136,0.23076923076923078,1020.7692307692307,4,78,True,True
1363,0.125,1026.0,4,80,True,True
137,0.25,1025.875,4,80,True,True
1370,0.7333333333333333,290.26666666666665,1,30,False,False
1373,0.3055555555555556,947.8888888888889,4,72,True,True
1376,0.7727272727272727,736.8636363636364,4,44,True,True
1377,0.5161290322580645,873.8387096774194,4,62,True,True
1378,0.3333333333333333,851.7666666666667,4,60,True,True
138,0.48717948717948717,1021.5897435897435,4,78,True,True
1382,0.3870967741935484,908.5806451612904,4,62,True,True
1383,0.2222222222222222,863.0370370370371,4,54,True,True
1384,0.25925925925925924,925.1111111111111,4,54,True,True
1386,0.26666666666666666,646.4666666666667,4,30,True,True
1387,0.37037037037037035,876.7407407407408,4,54,True,True
1388,0.27586206896551724,861.8620689655172,4,58,True,True
1389,0.5238095238095238,714.2857142857143,4,42,True,True
139,0.125,1026.0,4,80,True,True
1390,0.4666666666666667,562.0666666666667,4,30,True,True
1391,0.125,1025.875,4,80,True,True
1392,0.11764705882352941,953.2941176470588,4,68,True,True
1393,0.1891891891891892,995.1891891891892,4,74,True,True
1394,0.4642857142857143,828.1428571428571,4,56,True,True
1396,0.8076923076923077,762.5769230769231,4,52,True,True
1398,0.7058823529411765,535.8235294117648,4,34,True,True
1399,0.5454545454545454,623.9090909090909,4,44,True,True
14,0.1891891891891892,988.0540540540541,4,74,True,True
140,0.25,1026.0,4,80,True,True
1400,0.6875,903.625,4,64,True,True
1406,0.375,890.625,4,64,True,True
1407,0.5454545454545454,930.1212121212121,4,66,True,True
1408,0.8076923076923077,739.6538461538462,4,52,True,True
1412,0.6774193548387096,829.6129032258065,4,62,True,True
1413,0.6774193548387096,860.5483870967741,4,62,True,True
1414,0.16,822.88,4,50,True,True
1415,0.05405405405405406,984.7027027027027,4,74,True,True
1416,0.3548387096774194,906.0322580645161,4,62,True,True
1417,0.1891891891891892,986.7027027027027,4,74,True,True
1418,0.23076923076923078,859.8076923076923,4,52,True,True
1419,0.2857142857142857,801.5714285714286,4,42,True,True
1420,0.4827586206896552,887.5862068965517,4,58,True,True
1421,0.25,1026.0,4,80,True,True
1427,0.6551724137931034,854.3103448275862,4,58,True,True
1428,0.4230769230769231,809.2692307692307,4,52,True,True
1429,0.125,1026.0,4,80,True,True
143,0.8571428571428571,958.3428571428572,4,70,True,True
1430,0.125,1026.0,4,80,True,True
1432,0.42857142857142855,961.3714285714286,4,70,True,True
1433,0.8387096774193549,880.9677419354839,4,62,True,True
1434,0.696969696969697,924.6363636363636,4,66,True,True
1437,0.1282051282051282,1016.7692307692307,4,78,True,True
1439,0.2631578947368421,995.6052631578947,4,76,True,True
1440,0.1388888888888889,968.0,4,72,True,True
1446,0.5,576.625,4,32,True,True
1447,0.8947368421052632,567.578947368421,3,38,True,True
1450,0.8125,411.875,2,32,True,False
1451,0.125,1025.875,4,80,True,True
1452,0.25,1026.0,4,80,True,True
1453,0.125,1026.0,4,80,True,True
1454,0.25,1026.0,4,80,True,True
1455,0.75,1026.0,4,80,True,True
1457,0.5555555555555556,977.0833333333334,4,72,True,True
1458,0.75,823.6,4,40,True,True
1459,0.125,212.25,0,16,False,False
1460,0.5833333333333334,313.75,2,24,True,False
1461,0.125,1026.0,4,80,True,True
1464,0.1388888888888889,1001.0,4,72,True,True
1466,0.125,1025.875,4,80,True,True
1468,0.13157894736842105,1001.2894736842105,4,76,True,True
1472,0.4827586206896552,811.2068965517242,4,58,True,True
1474,0.5,863.8,4,60,True,True
1475,0.6296296296296297,788.925925925926,4,54,True,True
1478,0.5454545454545454,723.8636363636364,4,44,True,True
1481,0.11764705882352941,963.2941176470588,4,68,True,True
1482,0.16,745.44,4,50,True,True
1483,0.21212121212121213,952.4848484848485,4,66,True,True
1484,0.26666666666666666,853.9666666666667,4,60,True,True
1485,0.7,278.5,1,20,False,False
1488,0.125,1026.0,4,80,True,True
149,0.5833333333333334,887.9583333333334,4,48,True,True
1490,0.027777777777777776,1004.3888888888889,4,72,True,True
1496,0.125,1026.0,4,80,True,True
1497,0.47368421052631576,985.8947368421053,4,76,True,True
1498,0.1891891891891892,996.972972972973,4,74,True,True
1499,0.21052631578947367,986.4473684210526,4,76,True,True
15,0.21052631578947367,992.6052631578947,4,76,True,True
1500,0.7916666666666666,846.2916666666666,4,48,True,True
1504,0.875,347.375,1,32,False,False
1505,0.3333333333333333,743.75,4,48,True,True
1507,0.8387096774193549,821.6774193548387,4,62,True,True
1509,0.25,1026.0,4,80,True,True
1511,0.7727272727272727,616.3636363636364,4,44,True,True
1512,0.4827586206896552,850.6896551724138,4,58,True,True
1513,0.7297297297297297,993.4054054054054,4,74,True,True
1514,0.5714285714285714,950.2285714285714,4,70,True,True
1515,0.7727272727272727,622.0454545454545,4,44,True,True
1516,0.25,1026.0,4,80,True,True
1517,0.23076923076923078,1013.8717948717949,4,78,True,True
1519,0.4117647058823529,941.1176470588235,4,68,True,True
1520,0.5454545454545454,914.969696969697,4,66,True,True
1521,0.875,354.625,1,32,False,False
1522,0.8888888888888888,470.77777777777777,2,36,True,False
1523,0.5652173913043478,720.4782608695652,4,46,True,True
1524,0.125,1026.0,4,80,True,True
1525,0.375,1026.0,4,80,True,True
153,0.16666666666666666,897.9,4,60,True,True
1540,0.6296296296296297,755.8148148148148,4,54,True,True
1543,0.358974358974359,1000.8717948717949,4,78,True,True
1546,0.8823529411764706,428.4117647058824,2,34,True,False
1548,0.4444444444444444,827.3333333333334,4,54,True,True
1549,0.375,1026.0,4,80,True,True
1550,0.21052631578947367,988.421052631579,4,76,True,True
1556,0.125,1026.0,4,80,True,True
1557,0.125,1026.0,4,80,True,True
1558,0.625,1025.875,4,80,True,True
1559,0.125,1026.0,4,80,True,True
156,0.32432432432432434,959.7297297297297,4,74,True,True
1560,0.6875,926.28125,4,64,True,True
1563,0.125,137.625,0,16,False,False
1564,0.25,145.875,0,16,False,False
1565,0.9166666666666666,275.4166666666667,1,24,False,False
1566,0.3548387096774194,869.9677419354839,4,62,True,True
1567,0.6153846153846154,784.6923076923077,4,52,True,True
1568,0.3548387096774194,891.6774193548387,4,62,True,True
1569,0.4230769230769231,767.4230769230769,4,52,True,True
157,0.23076923076923078,1000.3589743589744,4,78,True,True
1571,0.5,1026.0,4,80,True,True
1572,0.375,1025.875,4,80,True,True
1573,0.25,1026.0,4,80,True,True
1574,0.25,1026.0,4,80,True,True
1575,0.5,1026.0,4,80,True,True
1576,0.8,767.44,4,50,True,True
1577,0.2702702702702703,989.8378378378378,4,74,True,True
1578,0.5,1026.0,4,80,True,True
1579,0.6052631578947368,989.0526315789474,4,76,True,True
158,0.2647058823529412,950.8823529411765,4,68,True,True
1580,0.125,1026.0,4,80,True,True
1581,0.3055555555555556,959.75,4,72,True,True
1583,0.125,1026.0,4,80,True,True
1590,0.6875,543.125,4,32,True,True
1593,0.75,393.0,1,32,False,False
1595,0.3055555555555556,978.1666666666666,4,72,True,True
16,0.2857142857142857,824.9285714285714,4,56,True,True
160,0.125,1026.0,4,80,True,True
1602,0.6666666666666666,850.2,4,60,True,True
1606,0.4444444444444444,795.5555555555555,4,54,True,True
1609,0.11764705882352941,948.7058823529412,4,68,True,True
161,0.8571428571428571,967.9142857142857,4,70,True,True
1610,0.42857142857142855,882.1428571428571,4,56,True,True
1611,0.8,704.36,4,50,True,True
1613,0.3548387096774194,903.0322580645161,4,62,True,True
1614,0.4594594594594595,960.2162162162163,4,74,True,True
1615,0.35714285714285715,785.5,4,56,True,True
1621,0.7222222222222222,531.2222222222222,4,36,True,True
163,0.8611111111111112,968.3333333333334,4,72,True,True
164,0.8387096774193549,894.6774193548387,4,62,True,True
165,0.9354838709677419,884.3548387096774,4,62,True,True
166,0.52,873.72,4,50,True,True
167,0.36363636363636365,705.5,4,44,True,True
168,0.11428571428571428,980.5714285714286,4,70,True,True
169,0.47058823529411764,492.94117647058823,4,34,True,True
17,0.25925925925925924,867.7037037037037,4,54,True,True
170,0.1,250.4,1,20,False,False
171,0.34210526315789475,998.5263157894736,4,76,True,True
172,0.5128205128205128,1023.1282051282051,4,78,True,True
173,0.5,1026.0,4,80,True,True
174,0.6410256410256411,1004.2564102564103,4,78,True,True
176,0.358974358974359,1004.2564102564103,4,78,True,True
177,0.7407407407407407,855.5185185185185,4,54,True,True
178,0.16666666666666666,913.6333333333333,4,60,True,True
18,0.3103448275862069,835.0689655172414,4,58,True,True
181,0.21875,919.25,4,64,True,True
182,0.3333333333333333,777.6296296296297,4,54,True,True
183,0.3448275862068966,922.5862068965517,4,58,True,True
184,0.21052631578947367,998.0526315789474,4,76,True,True
185,0.1891891891891892,995.9459459459459,4,74,True,True
188,0.7435897435897436,1024.1538461538462,4,78,True,True
19,0.3548387096774194,901.741935483871,4,62,True,True
191,0.125,1026.0,4,80,True,True
196,0.7894736842105263,610.578947368421,4,38,True,True
199,0.7272727272727273,296.54545454545456,1,22,False,False
2,0.4074074074074074,789.6296296296297,4,54,True,True
20,0.3448275862068966,799.6896551724138,4,58,True,True
200,0.4,450.1333333333333,3,30,True,True
201,0.8333333333333334,853.3666666666667,4,60,True,True
202,0.8275862068965517,835.2758620689655,4,58,True,True
203,0.4594594594594595,994.5945945945946,4,74,True,True
211,0.5833333333333334,967.0,4,72,True,True
212,0.3055555555555556,974.75,4,72,True,True
215,0.125,1026.0,4,80,True,True
216,0.7435897435897436,1007.3333333333334,4,78,True,True
217,0.4594594594594595,987.4864864864865,4,74,True,True
218,0.125,1026.0,4,80,True,True
219,0.1891891891891892,991.1891891891892,4,74,True,True
220,0.16666666666666666,977.3333333333334,4,72,True,True
224,0.2857142857142857,932.8928571428571,4,56,True,True
2242,0.7619047619047619,733.6666666666666,4,42,True,True
2243,0.782608695652174,747.0869565217391,4,46,True,True
226,0.3,567.1,4,40,True,True
227,0.25,400.625,2,32,True,False
228,0.2857142857142857,614.6666666666666,4,42,True,True
229,0.6923076923076923,359.84615384615387,2,26,True,False
23,0.125,199.125,0,16,False,False
230,0.7692307692307693,442.15384615384613,3,26,True,True
231,0.125,1026.0,4,80,True,True
232,0.2857142857142857,960.6571428571428,4,70,True,True
233,0.05405405405405406,997.7837837837837,4,74,True,True
2330,0.6666666666666666,471.9166666666667,3,24,True,True
234,0.5333333333333333,855.8666666666667,4,60,True,True
235,0.53125,896.375,4,64,True,True
2377,0.3,229.2,1,20,False,False
2380,0.2857142857142857,339.35714285714283,1,28,False,False
2386,0.75,538.25,4,40,True,True
2396,0.6956521739130435,620.4347826086956,4,46,True,True
2397,0.47619047619047616,638.4761904761905,4,42,True,True
2398,0.7222222222222222,562.1111111111111,4,36,True,True
2399,0.6470588235294118,548.0,4,34,True,True
24,0.125,172.875,0,16,False,False
243,0.375,1026.0,4,80,True,True
244,0.125,1026.0,4,80,True,True
245,0.5,1026.0,4,80,True,True
2458,0.6428571428571429,545.5,4,28,True,True
246,0.4444444444444444,957.0,4,72,True,True
247,0.3055555555555556,983.0555555555555,4,72,True,True
248,0.47368421052631576,986.421052631579,4,76,True,True
249,0.4444444444444444,974.4166666666666,4,72,True,True
2490,0.5,181.25,0,16,False,False
250,0.696969696969697,929.4545454545455,4,66,True,True
251,0.7222222222222222,984.6666666666666,4,72,True,True
252,0.7368421052631579,985.6578947368421,4,76,True,True
253,0.625,1026.0,4,80,True,True
2532,0.43333333333333335,893.8,4,60,True,True
2533,0.4444444444444444,791.8148148148148,4,54,True,True
2534,0.34615384615384615,795.5384615384615,4,52,True,True
2535,0.375,719.625,4,48,True,True
254,0.8717948717948718,1015.9487179487179,4,78,True,True
255,0.9130434782608695,720.5652173913044,4,46,True,True
256,0.4444444444444444,945.8888888888889,4,72,True,True
257,0.10256410256410256,1011.7435897435897,4,78,True,True
258,0.125,1026.0,4,80,True,True
26,0.7727272727272727,674.0454545454545,4,44,True,True
260,0.16666666666666666,957.5833333333334,4,72,True,True
262,0.7777777777777778,227.0,1,18,False,False
263,0.625,729.4166666666666,4,48,True,True
2632,0.3548387096774194,886.1290322580645,4,62,True,True
2633,0.6129032258064516,882.0645161290323,4,62,True,True
2634,0.53125,911.5,4,64,True,True
2635,0.6666666666666666,305.0,1,24,False,False
264,0.8421052631578947,695.7894736842105,4,38,True,True
265,0.8333333333333334,300.6666666666667,1,24,False,False
266,0.21052631578947367,986.2105263157895,4,76,True,True
267,0.4117647058823529,946.1176470588235,4,68,True,True
269,0.11764705882352941,951.8823529411765,4,68,True,True
270,0.8148148148148148,773.1851851851852,4,54,True,True
271,0.2647058823529412,915.0882352941177,4,68,True,True
2717,0.7619047619047619,656.1904761904761,4,42,True,True
2718,0.5,750.3461538461538,4,52,True,True
2719,0.6470588235294118,474.4117647058824,2,34,True,False
272,0.3939393939393939,965.5454545454545,4,66,True,True
2720,0.14285714285714285,310.92857142857144,1,28,False,False
2721,0.125,1026.0,4,80,True,True
2722,0.75,1026.0,4,80,True,True
2723,0.4594594594594595,998.0,4,74,True,True
2724,0.2857142857142857,958.9142857142857,4,70,True,True
2725,0.5945945945945946,968.8918918918919,4,74,True,True
2727,0.8823529411764706,381.94117647058823,2,34,True,False
2729,0.631578947368421,581.6842105263158,4,38,True,True
273,0.5,1026.0,4,80,True,True
2730,0.125,400.375,1,32,False,False
2736,0.75,606.85,4,40,True,True
274,0.5,1025.875,4,80,True,True
2740,0.25,391.25,1,32,False,False
275,0.125,1026.0,4,80,True,True
2752,0.125,1026.0,4,80,True,True
2753,0.1891891891891892,994.0,4,74,True,True
2754,0.125,1026.0,4,80,True,True
2755,0.21052631578947367,1000.0,4,76,True,True
2761,0.375,893.34375,4,64,True,True
2762,0.10256410256410256,1004.6666666666666,4,78,True,True
2763,0.5161290322580645,865.258064516129,4,62,True,True
2764,0.125,1026.0,4,80,True,True
2765,0.1388888888888889,984.1666666666666,4,72,True,True
2766,0.7333333333333333,847.8,4,60,True,True
2767,0.4444444444444444,964.3888888888889,4,72,True,True
2768,0.5714285714285714,950.3428571428572,4,70,True,True
2769,0.21621621621621623,966.0,4,74,True,True
277,0.8571428571428571,933.1428571428571,4,70,True,True
2770,0.8709677419354839,806.8709677419355,3,62,True,True
278,0.25,1026.0,4,80,True,True
2786,0.8461538461538461,280.0,1,26,False,False
279,0.75,1026.0,4,80,True,True
2790,0.5,514.9285714285714,4,28,True,True
2792,0.4,746.24,4,50,True,True
2793,0.3548387096774194,884.1290322580645,4,62,True,True
2794,0.3939393939393939,899.6666666666666,4,66,True,True
2795,0.625,1026.0,4,80,True,True
2796,0.7777777777777778,460.77777777777777,3,36,True,True
2797,0.875,314.25,1,32,False,False
2799,0.875,340.5,1,32,False,False
280,0.39473684210526316,988.1842105263158,4,76,True,True
2800,0.4666666666666667,370.3333333333333,1,30,False,False
2801,0.8387096774193549,885.6451612903226,4,62,True,True
281,0.2857142857142857,790.0952380952381,4,42,True,True
2812,0.375,206.625,0,16,False,False
2813,0.25,213.0,0,16,False,False
2814,0.25,210.5,0,16,False,False
2817,0.5,517.5,4,36,True,True
2818,0.8666666666666667,334.4,1,30,False,False
2819,0.5,340.625,1,32,False,False
282,0.4117647058823529,960.1470588235294,4,68,True,True
2824,0.06666666666666667,541.1333333333333,4,30,True,True
2826,0.7916666666666666,632.4583333333334,4,48,True,True
2827,0.625,215.0,0,16,False,False
2828,0.375,202.875,0,16,False,False
2829,0.625,211.75,0,16,False,False
283,0.8275862068965517,924.0344827586207,4,58,True,True
2830,0.875,220.75,0,16,False,False
284,0.4444444444444444,839.5185185185185,4,54,True,True
285,0.5833333333333334,538.5,4,24,True,True
2857,0.625,425.6875,3,32,True,True
2858,0.8333333333333334,260.3333333333333,1,24,False,False
2859,0.8571428571428571,294.0,1,28,False,False
286,0.782608695652174,652.8260869565217,4,46,True,True
2860,0.4,246.0,1,20,False,False
287,0.4444444444444444,827.4444444444445,4,54,True,True
2872,0.7692307692307693,281.53846153846155,1,26,False,False
2873,0.875,339.125,1,32,False,False
2874,0.55,573.4,4,40,True,True
2875,0.21428571428571427,286.85714285714283,1,28,False,False
2877,0.6428571428571429,796.0714285714286,4,56,True,True
2879,0.6428571428571429,820.9285714285714,4,56,True,True
2880,0.48717948717948717,1003.1282051282051,4,78,True,True
2881,0.8214285714285714,778.8571428571429,4,56,True,True
2882,0.8148148148148148,740.5555555555555,4,54,True,True
2883,0.6666666666666666,870.1333333333333,4,60,True,True
2884,0.5588235294117647,917.3823529411765,4,68,True,True
2885,0.6052631578947368,986.6052631578947,4,76,True,True
289,0.7222222222222222,556.0,4,36,True,True
2891,0.5714285714285714,610.2857142857143,4,42,True,True
2892,0.23529411764705882,451.1764705882353,2,34,True,False
2893,0.7272727272727273,704.4545454545455,4,44,True,True
2894,0.5,796.6153846153846,4,52,True,True
2895,0.375,402.0,1,32,False,False
29,0.4444444444444444,824.8148148148148,4,54,True,True
290,0.9333333333333333,350.46666666666664,1,30,False,False
2906,0.8571428571428571,326.7857142857143,1,28,False,False
2907,0.7222222222222222,587.9444444444445,3,36,True,True
2908,0.45454545454545453,690.0,4,44,True,True
2909,0.6666666666666666,309.5833333333333,1,24,False,False
291,0.9166666666666666,271.0833333333333,1,24,False,False
2927,0.7777777777777778,202.22222222222223,1,18,False,False
2928,0.7777777777777778,190.33333333333334,1,18,False,False
293,0.2857142857142857,955.7142857142857,4,70,True,True
294,0.7222222222222222,601.6111111111111,4,36,True,True
2942,0.47368421052631576,561.6842105263158,4,38,True,True
295,0.5333333333333333,353.6666666666667,2,30,True,False
296,0.375,779.75,4,48,True,True
2970,0.875,302.75,1,32,False,False
2984,0.8148148148148148,745.8518518518518,4,54,True,True
3,0.7741935483870968,861.1290322580645,4,62,True,True
30,0.5454545454545454,792.1818181818181,4,44,True,True
301,0.5,743.75,4,40,True,True
303,0.14705882352941177,940.1176470588235,4,68,True,True
3031,0.2857142857142857,817.1428571428571,4,56,True,True
3032,0.6428571428571429,900.0,4,56,True,True
3033,0.13793103448275862,924.0344827586207,4,58,True,True
3034,0.7222222222222222,1003.3333333333334,4,72,True,True
3035,0.21212121212121213,938.7878787878788,4,66,True,True
304,0.3181818181818182,779.5454545454545,4,44,True,True
3041,0.75,577.3,4,40,True,True
3042,0.782608695652174,651.3913043478261,4,46,True,True
3043,0.75,584.85,4,40,True,True
3045,0.4230769230769231,801.0,4,52,True,True
3051,0.75,203.375,0,16,False,False
3052,0.875,167.125,0,16,False,False
3056,0.7777777777777778,181.33333333333334,1,18,False,False
3057,0.75,162.875,0,16,False,False
3058,0.875,146.75,0,16,False,False
3059,0.875,154.375,0,16,False,False
306,0.3333333333333333,884.0,4,60,True,True
3066,0.875,213.625,0,16,False,False
307,0.05405405405405406,997.1891891891892,4,74,True,True
3071,0.875,406.375,1,32,False,False
3072,0.875,380.5,1,32,False,False
3079,0.9090909090909091,244.1818181818182,1,22,False,False
308,0.10256410256410256,1007.9487179487179,4,78,True,True
3080,0.9166666666666666,301.0,1,24,False,False
3081,0.625,1026.0,4,80,True,True
3082,0.625,1026.0,4,80,True,True
3083,0.7435897435897436,1007.4358974358975,4,78,True,True
3084,0.5945945945945946,979.0540540540541,4,74,True,True
3085,0.84375,897.5625,4,64,True,True
3087,0.42857142857142855,940.2285714285714,4,70,True,True
3088,0.5185185185185185,749.2592592592592,4,54,True,True
3089,0.5,865.3333333333334,4,60,True,True
309,0.16666666666666666,966.8888888888889,4,72,True,True
3090,0.8214285714285714,783.75,4,56,True,True
31,0.7619047619047619,594.0,4,42,True,True
310,0.5454545454545454,725.3181818181819,4,44,True,True
3102,0.1891891891891892,991.7837837837837,4,74,True,True
3103,0.07894736842105263,993.8684210526316,4,76,True,True
3104,0.6052631578947368,995.4473684210526,4,76,True,True
3105,0.5454545454545454,908.6060606060606,4,66,True,True
3106,0.696969696969697,872.7878787878788,4,66,True,True
3108,0.7142857142857143,928.2571428571429,4,70,True,True
3109,0.8484848484848485,917.7272727272727,4,66,True,True
3110,0.4642857142857143,840.8214285714286,4,56,True,True
312,0.6,796.04,4,50,True,True
314,0.13157894736842105,1010.8421052631579,4,76,True,True
316,0.07894736842105263,986.6842105263158,4,76,True,True
317,0.4117647058823529,953.0882352941177,4,68,True,True
318,0.16666666666666666,991.8888888888889,4,72,True,True
319,0.3939393939393939,903.3333333333334,4,66,True,True
32,0.5,872.5666666666667,4,60,True,True
320,0.42857142857142855,966.6,4,70,True,True
322,0.782608695652174,698.4347826086956,4,46,True,True
325,0.6666666666666666,871.8666666666667,4,60,True,True
326,0.8,758.84,4,50,True,True
327,0.42857142857142855,968.2857142857143,4,70,True,True
328,0.625,920.40625,4,64,True,True
329,0.7619047619047619,604.047619047619,4,42,True,True
33,0.375,1026.0,4,80,True,True
330,0.75,757.5,4,48,True,True
334,0.05405405405405406,987.5675675675676,4,74,True,True
336,0.34210526315789475,994.5,4,76,True,True
337,0.6052631578947368,1000.0263157894736,4,76,True,True
338,0.625,1026.0,4,80,True,True
339,0.5714285714285714,922.0285714285715,4,70,True,True
340,0.32432432432432434,994.1621621621622,4,74,True,True
341,0.46875,866.8125,4,64,True,True
342,0.17857142857142858,845.25,4,56,True,True
343,0.10344827586206896,827.7931034482758,4,58,True,True
344,0.5945945945945946,973.5675675675676,4,74,True,True
345,0.625,689.2916666666666,4,48,True,True
346,0.125,1026.0,4,80,True,True
347,0.25,1025.875,4,80,True,True
348,0.25,1026.0,4,80,True,True
349,0.5,1026.0,4,80,True,True
35,0.10256410256410256,1025.2820512820513,4,78,True,True
350,0.13157894736842105,997.7368421052631,4,76,True,True
353,0.8148148148148148,783.4814814814815,4,54,True,True
354,0.3055555555555556,958.1666666666666,4,72,True,True
355,0.20689655172413793,870.0689655172414,4,58,True,True
356,0.8387096774193549,849.3225806451613,4,62,True,True
357,0.6774193548387096,875.1612903225806,4,62,True,True
358,0.6875,890.90625,4,64,True,True
359,0.5,1026.0,4,80,True,True
360,0.25,1026.0,4,80,True,True
366,0.2857142857142857,897.3214285714286,4,56,True,True
367,0.7727272727272727,754.8636363636364,4,44,True,True
368,0.8387096774193549,821.9354838709677,4,62,True,True
371,0.6153846153846154,793.0,4,52,True,True
372,0.125,1026.0,4,80,True,True
373,0.5,1026.0,4,80,True,True
374,0.5,1026.0,4,80,True,True
375,0.5,1026.0,4,80,True,True
3751,0.375,1026.0,4,80,True,True
3752,0.5,1026.0,4,80,True,True
3753,0.5,1026.0,4,80,True,True
3754,0.125,1026.0,4,80,True,True
3755,0.25,1025.875,4,80,True,True
3758,0.696969696969697,914.8484848484849,4,66,True,True
3759,0.7058823529411765,947.2941176470588,4,68,True,True
376,0.7368421052631579,593.9473684210526,4,38,True,True
3760,0.1891891891891892,986.7837837837837,4,74,True,True
3761,0.14285714285714285,970.0285714285715,4,70,True,True
3765,0.125,1026.0,4,80,True,True
3766,0.3939393939393939,911.0,4,66,True,True
3767,0.8275862068965517,886.9655172413793,4,58,True,True
3768,0.3548387096774194,892.516129032258,4,62,True,True
3769,0.6666666666666666,941.7,4,60,True,True
377,0.75,617.35,4,40,True,True
3770,0.7619047619047619,749.5714285714286,4,42,True,True
3772,0.375,1026.0,4,80,True,True
3774,0.375,1025.875,4,80,True,True
3775,0.25,1026.0,4,80,True,True
378,0.9375,485.375,2,32,True,False
3782,0.7916666666666666,733.875,4,48,True,True
3785,0.16129032258064516,911.6774193548387,4,62,True,True
3788,0.5,1025.875,4,80,True,True
3789,0.4642857142857143,830.3214285714286,4,56,True,True
379,0.5,864.4666666666667,4,60,True,True
3790,0.625,1026.0,4,80,True,True
3791,0.125,1026.0,4,80,True,True
3793,0.125,1026.0,4,80,True,True
3794,0.125,1026.0,4,80,True,True
3795,0.375,1026.0,4,80,True,True
38,0.75,1026.0,4,80,True,True
380,0.65,575.25,4,40,True,True
3803,0.8387096774193549,855.1290322580645,4,62,True,True
3804,0.875,646.375,2,48,True,False
3805,0.7058823529411765,917.6176470588235,4,68,True,True
3807,0.6153846153846154,789.7307692307693,4,52,True,True
3808,0.4,745.44,4,50,True,True
3809,0.5238095238095238,663.0,4,42,True,True
381,0.4444444444444444,980.3333333333334,4,72,True,True
3810,0.6956521739130435,703.6521739130435,4,46,True,True
3814,0.47058823529411764,612.2352941176471,4,34,True,True
3815,0.125,316.0,1,32,False,False
382,0.3333333333333333,848.0666666666667,4,60,True,True
383,0.875,371.0625,2,32,True,False
384,0.3142857142857143,952.8,4,70,True,True
3840,0.7368421052631579,544.3157894736842,4,38,True,True
3841,0.375,131.125,0,16,False,False
3842,0.125,686.5625,4,32,True,True
3843,0.4166666666666667,507.25,4,24,True,True
3844,0.4166666666666667,499.5833333333333,4,24,True,True
3845,0.07692307692307693,535.6923076923077,4,26,True,True
385,0.4642857142857143,827.1428571428571,4,56,True,True
3856,0.3939393939393939,926.7272727272727,4,66,True,True
386,0.5454545454545454,683.4545454545455,4,44,True,True
3860,0.8148148148148148,808.7777777777778,4,54,True,True
3861,0.25,1026.0,4,80,True,True
3862,0.4444444444444444,976.25,4,72,True,True
3863,0.125,1026.0,4,80,True,True
3864,0.125,1026.0,4,80,True,True
3866,0.125,1026.0,4,80,True,True
3868,0.10256410256410256,1020.8717948717949,4,78,True,True
3869,0.20588235294117646,952.9411764705883,4,68,True,True
387,0.782608695652174,714.304347826087,4,46,True,True
388,0.10256410256410256,1011.7435897435897,4,78,True,True
3882,0.5909090909090909,659.0909090909091,4,44,True,True
3883,0.23529411764705882,525.5294117647059,4,34,True,True
3884,0.8823529411764706,955.6470588235294,4,68,True,True
3885,0.22727272727272727,625.3636363636364,4,44,True,True
3886,0.47368421052631576,996.8421052631579,4,76,True,True
389,0.16666666666666666,962.5,4,72,True,True
3890,0.16666666666666666,880.75,4,48,True,True
3891,0.375,1026.0,4,80,True,True
3892,0.5,1026.0,4,80,True,True
3893,0.25,1026.0,4,80,True,True
3894,0.868421052631579,1000.1052631578947,4,76,True,True
3895,0.4722222222222222,991.0555555555555,4,72,True,True
3896,0.375,1026.0,4,80,True,True
3897,0.05405405405405406,996.0,4,74,True,True
3899,0.2857142857142857,933.9428571428572,4,70,True,True
390,0.8076923076923077,747.6538461538462,4,52,True,True
3900,0.25,1026.0,4,80,True,True
3906,0.4,754.24,4,50,True,True
3908,0.25,1026.0,4,80,True,True
391,0.6666666666666666,836.4666666666667,4,60,True,True
3910,0.45161290322580644,875.9354838709677,4,62,True,True
392,0.125,1026.0,4,80,True,True
3921,0.6666666666666666,823.0333333333333,4,60,True,True
3922,0.6428571428571429,812.3214285714286,4,56,True,True
3923,0.7619047619047619,622.1904761904761,4,42,True,True
3924,0.7916666666666666,671.3333333333334,4,48,True,True
3925,0.6,725.48,4,50,True,True
3926,0.027777777777777776,1004.2222222222222,4,72,True,True
393,0.5,1026.0,4,80,True,True
3930,0.08571428571428572,949.6,4,70,True,True
3936,0.782608695652174,676.0869565217391,4,46,True,True
3938,0.5,990.3157894736842,4,76,True,True
394,0.14285714285714285,965.0571428571428,4,70,True,True
395,0.7368421052631579,1009.0526315789474,4,76,True,True
396,0.8148148148148148,812.8888888888889,4,54,True,True
397,0.6296296296296297,830.7037037037037,4,54,True,True
398,0.7916666666666666,753.5416666666666,4,48,True,True
399,0.4117647058823529,954.5294117647059,4,68,True,True
4,0.75,798.0357142857143,4,56,True,True
40,0.75,1026.0,4,80,True,True
400,0.53125,949.3125,4,64,True,True
401,0.875,310.5,1,32,False,False
403,0.375,1026.0,4,80,True,True
405,0.5882352941176471,513.5882352941177,4,34,True,True
406,0.375,1026.0,4,80,True,True
407,0.07894736842105263,1003.9736842105264,4,76,True,True
408,0.5,1026.0,4,80,True,True
409,0.34210526315789475,997.2631578947369,4,76,True,True
41,0.125,1026.0,4,80,True,True
410,0.5,1026.0,4,80,True,True
411,0.6296296296296297,814.2592592592592,4,54,True,True
412,0.24242424242424243,950.7272727272727,4,66,True,True
413,0.5833333333333334,731.75,4,48,True,True
419,0.8076923076923077,772.8846153846154,4,52,True,True
42,0.25,1026.0,4,80,True,True
420,0.2857142857142857,952.6571428571428,4,70,True,True
421,0.125,1026.0,4,80,True,True
422,0.25,1025.875,4,80,True,True
423,0.125,1026.0,4,80,True,True
424,0.375,1026.0,4,80,True,True
425,0.25,1026.0,4,80,True,True
429,0.6578947368421053,1005.6315789473684,4,76,True,True
43,0.625,1026.0,4,80,True,True
432,0.25,1026.0,4,80,True,True
434,0.5,1026.0,4,80,True,True
435,0.25,1026.0,4,80,True,True
436,0.05405405405405406,991.1081081081081,4,74,True,True
437,0.6052631578947368,995.7631578947369,4,76,True,True
438,0.5,861.0666666666667,4,60,True,True
439,0.1724137931034483,800.1379310344828,4,58,True,True
44,0.375,1025.875,4,80,True,True
440,0.14285714285714285,975.4571428571429,4,70,True,True
445,0.24242424242424243,937.5151515151515,4,66,True,True
45,0.25,1026.0,4,80,True,True
452,0.07142857142857142,870.8928571428571,4,56,True,True
453,0.1724137931034483,832.3793103448276,4,58,True,True
454,0.42857142857142855,958.8285714285714,4,70,True,True
455,0.40540540540540543,993.7297297297297,4,74,True,True
456,0.696969696969697,895.8787878787879,4,66,True,True
458,0.8333333333333334,854.7333333333333,4,60,True,True
459,0.125,1026.0,4,80,True,True
46,0.8333333333333334,840.2333333333333,4,60,True,True
460,0.125,1026.0,4,80,True,True
464,0.25,1026.0,4,80,True,True
465,0.125,1026.0,4,80,True,True
466,0.4594594594594595,985.2972972972973,4,74,True,True
467,0.21052631578947367,990.7105263157895,4,76,True,True
468,0.32432432432432434,974.5945945945946,4,74,True,True
469,0.25,1026.0,4,80,True,True
47,0.7777777777777778,741.0,3,54,True,True
471,0.125,1025.875,4,80,True,True
472,0.6428571428571429,797.1428571428571,4,56,True,True
473,0.6551724137931034,854.2413793103449,4,58,True,True
474,0.5,1026.0,4,80,True,True
475,0.8275862068965517,861.3448275862069,4,58,True,True
476,0.6428571428571429,846.9285714285714,4,56,True,True
478,0.7222222222222222,597.4444444444445,4,36,True,True
481,0.6052631578947368,994.2631578947369,4,76,True,True
483,0.7222222222222222,964.3333333333334,4,72,True,True
484,0.75,1026.0,4,80,True,True
485,0.75,1026.0,4,80,True,True
49,0.8148148148148148,800.0370370370371,4,54,True,True
491,0.7368421052631579,551.5263157894736,4,38,True,True
492,0.72,713.6,4,50,True,True
494,0.1282051282051282,1011.6410256410256,4,78,True,True
495,0.08695652173913043,759.1739130434783,4,46,True,True
496,0.5714285714285714,960.8,4,70,True,True
497,0.8484848484848485,909.3636363636364,4,66,True,True
498,0.7058823529411765,931.9411764705883,4,68,True,True
499,0.8648648648648649,997.081081081081,4,74,True,True
5,0.7307692307692307,743.1538461538462,4,52,True,True
50,0.6153846153846154,763.6923076923077,4,52,True,True
500,0.5555555555555556,1004.1388888888889,4,72,True,True
501,0.782608695652174,716.3478260869565,4,46,True,True
502,0.7727272727272727,619.5,4,44,True,True
504,0.53125,906.09375,4,64,True,True
506,0.25,1026.0,4,80,True,True
507,0.5,1026.0,4,80,True,True
508,0.375,1026.0,4,80,True,True
509,0.5,1026.0,4,80,True,True
51,0.7297297297297297,969.7837837837837,4,74,True,True
510,0.875,1026.0,4,80,True,True
511,0.07894736842105263,1004.2105263157895,4,76,True,True
512,0.358974358974359,1008.6666666666666,4,78,True,True
513,0.21052631578947367,1002.3157894736842,4,76,True,True
514,0.8275862068965517,845.0344827586207,4,58,True,True
516,0.125,1026.0,4,80,True,True
52,0.5,1026.0,4,80,True,True
520,0.125,1026.0,4,80,True,True
521,0.25,1026.0,4,80,True,True
522,0.375,1026.0,4,80,True,True
523,0.25,1026.0,4,80,True,True
524,0.25,1025.875,4,80,True,True
525,0.375,1026.0,4,80,True,True
526,0.75,1026.0,4,80,True,True
527,0.7058823529411765,938.7058823529412,4,68,True,True
528,0.7368421052631579,1010.2105263157895,4,76,True,True
529,0.25,1026.0,4,80,True,True
53,0.25,1025.875,4,80,True,True
530,0.125,1026.0,4,80,True,True
531,0.7727272727272727,683.9090909090909,4,44,True,True
532,0.5,1026.0,4,80,True,True
533,0.625,1026.0,4,80,True,True
534,0.25,1026.0,4,80,True,True
535,0.5,1026.0,4,80,True,True
537,0.8571428571428571,947.5428571428571,4,70,True,True
538,0.868421052631579,1006.1052631578947,4,76,True,True
539,0.875,1026.0,4,80,True,True
54,0.375,1025.875,4,80,True,True
540,0.875,1026.0,4,80,True,True
541,0.782608695652174,715.8695652173913,4,46,True,True
542,0.4230769230769231,788.1538461538462,4,52,True,True
543,0.7368421052631579,527.4736842105264,4,38,True,True
544,0.5483870967741935,910.0322580645161,4,62,True,True
545,0.6875,527.6875,4,32,True,True
547,0.7916666666666666,723.1666666666666,4,48,True,True
548,0.125,1026.0,4,80,True,True
549,0.631578947368421,574.7368421052631,4,38,True,True
550,0.5,874.8666666666667,4,60,True,True
551,0.32432432432432434,987.5135135135135,4,74,True,True
552,0.125,1026.0,4,80,True,True
553,0.125,1026.0,4,80,True,True
554,0.21052631578947367,1004.5263157894736,4,76,True,True
555,0.5,1026.0,4,80,True,True
561,0.6666666666666666,840.1,4,60,True,True
562,0.5161290322580645,906.6451612903226,4,62,True,True
564,0.11428571428571428,975.7714285714286,4,70,True,True
565,0.14814814814814814,777.8888888888889,3,54,True,True
566,0.25,1026.0,4,80,True,True
568,0.125,1026.0,4,80,True,True
569,0.125,1026.0,4,80,True,True
585,0.358974358974359,1024.6666666666667,4,78,True,True
589,0.8484848484848485,916.6060606060606,4,66,True,True
59,0.05405405405405406,996.918918918919,4,74,True,True
6,0.14285714285714285,942.1428571428571,4,70,True,True
60,0.1891891891891892,984.6486486486486,4,74,True,True
601,0.125,1026.0,4,80,True,True
603,0.125,1026.0,4,80,True,True
604,0.375,1026.0,4,80,True,True
605,0.125,1026.0,4,80,True,True
61,0.25,1026.0,4,80,True,True
62,0.75,1026.0,4,80,True,True
63,0.875,1026.0,4,80,True,True
632,0.875,1026.0,4,80,True,True
633,0.8648648648648649,997.6756756756756,4,74,True,True
634,0.5,1026.0,4,80,True,True
64,0.5945945945945946,985.1891891891892,4,74,True,True
644,0.7916666666666666,815.5416666666666,4,48,True,True
649,0.8076923076923077,755.5,4,52,True,True
65,0.4,805.0,4,50,True,True
650,0.5238095238095238,669.7619047619048,4,42,True,True
651,0.5,1026.0,4,80,True,True
652,0.75,1026.0,4,80,True,True
653,0.5454545454545454,922.939393939394,4,66,True,True
654,0.375,1026.0,4,80,True,True
656,0.2857142857142857,969.4285714285714,4,70,True,True
657,0.25,1026.0,4,80,True,True
658,0.125,1026.0,4,80,True,True
659,0.25,1026.0,4,80,True,True
661,0.48717948717948717,1018.2051282051282,4,78,True,True
662,0.25,1026.0,4,80,True,True
664,0.375,1025.875,4,80,True,True
665,0.75,1026.0,4,80,True,True
666,0.7368421052631579,574.9473684210526,4,38,True,True
669,0.75,534.95,4,40,True,True
671,0.125,1026.0,4,80,True,True
681,0.875,1026.0,4,80,True,True
682,0.7368421052631579,1005.5526315789474,4,76,True,True
683,0.75,1026.0,4,80,True,True
684,0.38461538461538464,999.6410256410256,4,78,True,True
69,0.6666666666666666,898.2,4,60,True,True
694,0.05405405405405406,995.1351351351351,4,74,True,True
695,0.125,1026.0,4,80,True,True
696,0.8709677419354839,881.1935483870968,4,62,True,True
697,0.4594594594594595,974.4864864864865,4,74,True,True
698,0.6578947368421053,997.421052631579,4,76,True,True
699,0.7916666666666666,702.75,4,48,True,True
7,0.21875,915.0,4,64,True,True
70,0.2777777777777778,1002.2222222222222,4,72,True,True
700,0.9130434782608695,697.9565217391304,4,46,True,True
703,0.7222222222222222,499.6111111111111,4,36,True,True
704,0.375,1026.0,4,80,True,True
705,0.125,1026.0,4,80,True,True
706,0.2857142857142857,942.3142857142857,4,70,True,True
709,0.23076923076923078,1008.8717948717949,4,78,True,True
710,0.4117647058823529,921.7352941176471,4,68,True,True
718,0.14285714285714285,930.6285714285714,4,70,True,True
719,0.125,1026.0,4,80,True,True
72,0.375,894.875,4,64,True,True
720,0.11764705882352941,942.3529411764706,4,68,True,True
723,0.19230769230769232,815.8461538461538,4,52,True,True
726,0.25,1026.0,4,80,True,True
727,0.34210526315789475,1004.0526315789474,4,76,True,True
728,0.25,1026.0,4,80,True,True
729,0.5,1026.0,4,80,True,True
73,0.65,554.65,4,40,True,True
733,0.9090909090909091,258.6363636363636,1,22,False,False
734,0.5,651.7,4,40,True,True
735,0.2857142857142857,800.2380952380952,4,42,True,True
736,0.1935483870967742,884.4516129032259,4,62,True,True
737,0.3548387096774194,893.2258064516129,4,62,True,True
738,0.1891891891891892,987.9459459459459,4,74,True,True
739,0.2647058823529412,940.3529411764706,4,68,True,True
74,0.42857142857142855,596.6190476190476,4,42,True,True
740,0.4642857142857143,846.6071428571429,4,56,True,True
741,0.696969696969697,883.2727272727273,4,66,True,True
742,0.8333333333333334,850.4666666666667,4,60,True,True
743,0.4444444444444444,975.0833333333334,4,72,True,True
744,0.6774193548387096,849.9354838709677,4,62,True,True
745,0.6153846153846154,758.3461538461538,4,52,True,True
746,0.4594594594594595,987.2432432432432,4,74,True,True
747,0.4117647058823529,947.4117647058823,4,68,True,True
748,0.6153846153846154,794.5,4,52,True,True
749,0.05405405405405406,990.0540540540541,4,74,True,True
750,0.05405405405405406,987.2432432432432,4,74,True,True
752,0.13513513513513514,994.0,4,74,True,True
756,0.125,1026.0,4,80,True,True
759,0.25,1026.0,4,80,True,True
76,0.6052631578947368,1002.4736842105264,4,76,True,True
761,0.125,1026.0,4,80,True,True
762,0.23076923076923078,1018.0,4,78,True,True
763,0.358974358974359,1023.6410256410256,4,78,True,True
764,0.125,1026.0,4,80,True,True
765,0.32432432432432434,969.8378378378378,4,74,True,True
766,0.8275862068965517,868.8620689655172,4,58,True,True
767,0.125,1026.0,4,80,True,True
768,0.32432432432432434,986.8648648648649,4,74,True,True
769,0.125,1026.0,4,80,True,True
77,0.23076923076923078,1005.5897435897435,4,78,True,True
770,0.125,1026.0,4,80,True,True
772,0.875,344.375,1,32,False,False
774,0.2571428571428571,953.0285714285715,4,70,True,True
775,0.1891891891891892,992.8648648648649,4,74,True,True
777,0.4642857142857143,808.5,4,56,True,True
78,0.375,1026.0,4,80,True,True
79,0.25,1025.75,4,80,True,True
80,0.125,1026.0,4,80,True,True
803,0.38461538461538464,1007.6410256410256,4,78,True,True
81,0.125,1026.0,4,80,True,True
82,0.358974358974359,1013.3589743589744,4,78,True,True
824,0.8181818181818182,333.1818181818182,2,22,True,False
825,0.6363636363636364,264.54545454545456,1,22,False,False
829,0.5833333333333334,565.0833333333334,4,24,True,True
83,0.358974358974359,1021.4615384615385,4,78,True,True
830,0.375,792.4166666666666,4,48,True,True
845,0.6923076923076923,289.38461538461536,1,26,False,False
854,0.8666666666666667,318.53333333333336,1,30,False,False
856,0.8,737.32,4,50,True,True
857,0.8214285714285714,756.4285714285714,4,56,True,True
859,0.25,1026.0,4,80,True,True
86,0.48,713.76,4,50,True,True
864,0.6153846153846154,536.0769230769231,4,26,True,True
866,0.375,1025.875,4,80,True,True
867,0.5,1025.875,4,80,True,True
868,0.5,1025.875,4,80,True,True
869,0.5,1026.0,4,80,True,True
87,0.4,794.64,4,50,True,True
870,0.5,1026.0,4,80,True,True
872,0.125,1026.0,4,80,True,True
874,0.5555555555555556,1002.8333333333334,4,72,True,True
875,0.6190476190476191,787.2380952380952,4,42,True,True
877,0.7916666666666666,699.6666666666666,4,48,True,True
879,0.8076923076923077,790.5769230769231,4,52,True,True
88,0.8260869565217391,638.6086956521739,3,46,True,True
880,0.6,836.4333333333333,4,60,True,True
889,0.375,1026.0,4,80,True,True
89,0.8823529411764706,417.52941176470586,2,34,True,False
890,0.8529411764705882,944.8823529411765,4,68,True,True
891,0.125,1026.0,4,80,True,True
892,0.10256410256410256,1020.1538461538462,4,78,True,True
893,0.5,1026.0,4,80,True,True
894,0.07894736842105263,1003.6578947368421,4,76,True,True
895,0.125,1026.0,4,80,True,True
896,0.125,1026.0,4,80,True,True
897,0.125,1025.875,4,80,True,True
898,0.375,1026.0,4,80,True,True
899,0.1111111111111111,962.5,4,72,True,True
9,0.7222222222222222,504.22222222222223,4,36,True,True
90,0.6428571428571429,372.57142857142856,2,28,True,False
900,0.12,779.08,4,50,True,True
902,0.2903225806451613,879.9032258064516,4,62,True,True
903,0.1388888888888889,961.75,4,72,True,True
904,0.3225806451612903,894.258064516129,4,62,True,True
905,0.75,1026.0,4,80,True,True
909,0.16666666666666666,965.8333333333334,4,72,True,True
91,0.375,1026.0,4,80,True,True
910,0.34210526315789475,996.4736842105264,4,76,True,True
911,0.3055555555555556,963.8611111111111,4,72,True,True
913,0.10256410256410256,1014.1025641025641,4,78,True,True
916,0.125,1026.0,4,80,True,True
917,0.125,1026.0,4,80,True,True
918,0.6153846153846154,1000.5641025641025,4,78,True,True
919,0.625,1025.875,4,80,True,True
92,0.25,1026.0,4,80,True,True
920,0.75,1026.0,4,80,True,True
923,0.125,1026.0,4,80,True,True
924,0.125,1026.0,4,80,True,True
925,0.25,1025.875,4,80,True,True
926,0.5,1026.0,4,80,True,True
927,0.125,1026.0,4,80,True,True
93,0.125,1026.0,4,80,True,True
937,0.6296296296296297,742.7777777777778,4,54,True,True
939,0.8076923076923077,713.2692307692307,4,52,True,True
941,0.25,1026.0,4,80,True,True
943,0.7058823529411765,612.7058823529412,4,34,True,True
944,0.48717948717948717,1020.1538461538462,4,78,True,True
945,0.21875,940.9375,4,64,True,True
946,0.4444444444444444,989.5555555555555,4,72,True,True
947,0.92,754.72,3,50,True,True
948,0.6,766.04,4,50,True,True
949,0.9130434782608695,697.1304347826087,3,46,True,True
950,0.5,750.7083333333334,4,48,True,True
952,0.21052631578947367,999.4736842105264,4,76,True,True
954,0.125,1025.875,4,80,True,True
955,0.2702702702702703,991.3513513513514,4,74,True,True
956,0.8148148148148148,788.7407407407408,4,54,True,True
957,0.7916666666666666,724.5,4,48,True,True
959,0.6296296296296297,813.4444444444445,4,54,True,True
96,0.4,743.6,4,50,True,True
963,0.14285714285714285,949.7142857142857,4,70,True,True
964,0.29411764705882354,631.8823529411765,4,34,True,True
965,0.5128205128205128,1013.6923076923077,4,78,True,True
966,0.23076923076923078,1013.7948717948718,4,78,True,True
967,0.34210526315789475,1004.3684210526316,4,76,True,True
968,0.1891891891891892,993.8918918918919,4,74,True,True
969,0.16666666666666666,911.0666666666667,4,60,True,True
97,0.5454545454545454,900.5151515151515,4,66,True,True
970,0.125,1026.0,4,80,True,True
972,0.7727272727272727,606.5454545454545,4,44,True,True
973,0.6296296296296297,843.6666666666666,4,54,True,True
974,0.8888888888888888,472.6111111111111,3,36,True,True
978,0.875,330.375,1,32,False,False
98,0.5454545454545454,907.7272727272727,4,66,True,True
981,0.6428571428571429,797.25,4,56,True,True
983,0.5,882.5333333333333,4,60,True,True
994,0.125,1026.0,4,80,True,True
995,0.11764705882352941,945.4117647058823,4,68,True,True
996,0.7894736842105263,523.1578947368421,3,38,True,True
997,0.25,1026.0,4,80,True,True
